[
    "edit",
    "menu",
    "view",
    "help",
    "markdown",
    "config",
    "contact",
    "upload",
    "konsole", [{
        "name": "remote",
        "data": [{
            "name": "jquery",
            "version": "2.1.3",
            "local": "/modules/jquery/dist/jquery.js",
            "remote": "//ajax.googleapis.com/ajax/libs/jquery/{{ version }}/jquery.min.js"
        }, {
            "name": "socket",
            "version": "1.3.5",
            "local": "/socket.io/socket.io.js",
            "remote": "//cdn.socket.io/socket.io-{{ version }}.js"
        }, {
            "name": "fancybox",
            "version": "2.1.5",
            "local": [
                "/modules/fancybox/source/jquery.fancybox.css",
                "/modules/fancybox/source/jquery.fancybox.js"
            ],
            "remote": [
                "//cdn.jsdelivr.net/fancybox/{{ version }}/jquery.fancybox.min.js",
                "//cdn.jsdelivr.net/fancybox/{{ version }}/jquery.fancybox.min.css"
            ]
        }, {
            "name": "menu",
            "version": "0.7.8",
            "local": [
                "/modules/menu/menu-io.css",
                "/modules/menu/menu-io.js"
            ],
            "remote": [
                "//cdn.jsdelivr.net/menu-io/{{ version }}/menu-io.min.js",
                "//cdn.jsdelivr.net/menu-io/{{ version }}/menu-io.min.css"
            ]
        }]
    }, {
        "name": "storage",
        "data": [{
            "name"      : "DropBox",
            "key"       : "0nd3ssnp5fp7tqs",
            "secret"    : "r61lxpchmk8l06o",
            "encodedKey": "DkMz4FYHQTA=|GW6pf2dONkrGvckMwBsl1V1vysrCPktPiUWN7UpDjw==",
            "chooserKey": "o7d6llji052vijk"
        }, {
            "name"      : "GitHub",
            "key"       : "891c251b925e4e967fa9",
            "secret"    : "afe9bed1e810c5dc44c4c2a953fc6efb1e5b0545"
        }, {
            "name"  : "GDrive",
            "id"    : "255175681917"
        }, {
            "name"  : "VK",
            "id"    : "3336188"
        }, {
            "name"  : "SkyDrive",
            "id"    : "00000000440E696F"
        }, {
            "name"  : "FilePicker",
            "key"   : "AACq5fTfzRY2E_Rw_4kyaz"
        }]
    }]
]
