{
  "name": "pako",
  "main": "dist/pako.js",
  "version": "0.2.0",
  "homepage": "https://github.com/nodeca/pako",
  "authors": [
    "Andrei Tuputcyn <Andrew.Tupitsin@gmail.com>",
    "Vitaly Puzrin <vitaly@rcdesign.ru>"
  ],
  "description": "deflate / inflate / gzip for bworser - very fast zlib port",
  "keywords": [
    "zlib",
    "deflate",
    "inflate",
    "gzip"
  ],
  "license": "MIT",
  "ignore": [
    "**/.*",
    "node_modules",
    "bower_components",
    "test",
    "Makefile",
    "index*",
    "lib",
    "benchmark",
    "coverage"
  ],
  "_release": "0.2.0",
  "_resolution": {
    "type": "version",
    "tag": "0.2.0",
    "commit": "e93c614f7ab3db2f9d39be66fa54e4b2c6fc08e0"
  },
  "_source": "git://github.com/nodeca/pako.git",
  "_target": "~0.2.0",
  "_originalSource": "pako",
  "_direct": true
}