{
  "name": "promise-polyfill",
  "version": "2.0.0",
  "homepage": "https://github.com/taylorhakes/promise-polyfill",
  "authors": [
    "Taylor Hakes"
  ],
  "description": "Lightweight promise polyfill for the browser and node. A+ Compliant.",
  "main": "Promise.js",
  "moduleType": [
    "globals",
    "node"
  ],
  "keywords": [
    "promise",
    "es6",
    "polyfill",
    "html5"
  ],
  "license": "MIT",
  "ignore": [
    "**/.*",
    "node_modules",
    "bower_components",
    "test",
    "tests"
  ],
  "_release": "2.0.0",
  "_resolution": {
    "type": "version",
    "tag": "2.0.0",
    "commit": "970996440115e6c5ec0dc84a15e00fc04b34651f"
  },
  "_source": "git://github.com/taylorhakes/promise-polyfill.git",
  "_target": "~2.0.0",
  "_originalSource": "promise-polyfill"
}