[
    "edit",
    "menu",
    "view",
    "help",
    "markdown",
    "config",
    "contact",
    "socket",
    "terminal",
    "console", [{
        "name": "remote",
        "data": [{
            "name": "jquery",
            "version": "2.1.1",
            "local": "/lib/client/jquery.js",
            "remote": "//ajax.googleapis.com/ajax/libs/jquery/{{ version }}/jquery.min.js"
        }, {
            "name": "socket",
            "version": "1.0.4",
            "local": "/socket.io/socket.io.js",
            "remote": "//cdn.socket.io/socket.io-{{ version }}.js"
        }, {
            "name": "ace",
            "version": "1.1.3",
            "date": "04.11.2014",
            "local": "/lib/client/edit/ace.js",
            "remote": "//cdn.jsdelivr.net/ace/{{ version }}/noconflict/ace.js"
        }, {
            "name": "fancybox",
            "version": "2.1.5",
            "local": [
                "/lib/client/view/fancyBox/source/jquery.fancybox.css",
                "/lib/client/view/fancyBox/source/jquery.fancybox.js"
            ],
            "remote": [
                "//cdn.jsdelivr.net/fancybox/{{ version }}/jquery.fancybox.min.js",
                "//cdn.jsdelivr.net/fancybox/{{ version }}/jquery.fancybox.min.css"
            ]
        }]
    }, {
        "name": "storage",
        "data": [{
                "name": "DropBox",
                "data":{
                    "key"       : "0nd3ssnp5fp7tqs",
                    "secret"    : "r61lxpchmk8l06o",
                    "encodedKey": "DkMz4FYHQTA=|GW6pf2dONkrGvckMwBsl1V1vysrCPktPiUWN7UpDjw==",
                    "chooserKey": "o7d6llji052vijk"
                }
            }, {
                "name": "GitHub",
                "data": {
                    "key"       : "891c251b925e4e967fa9",
                    "secret"    : "afe9bed1e810c5dc44c4c2a953fc6efb1e5b0545"
                }
            }, {
                "name": "GDrive",
                "data": {
                    "id"        : "255175681917"
                }
            }, {
                "name": "VK",
                "data": {
                    "id"        : "3336188"
                }
            },
            {
                "name": "SkyDrive",
                "data": {
                    "id"        : "00000000440E696F"
                }
            },
            {
                "name": "FilePicker",
                "data": {
                    "key"        : "AACq5fTfzRY2E_Rw_4kyaz"
                }
            }
        ]
    }]
]
